City_ID,City,Country,Date,Lat,Lng,Max Temp,Humidity,Cloudiness,Wind Speed,Current Description
0,Rikitea,PF,2/12/2022 7:55,-23.1203,-134.9692,78.94,73,8,17.52,light rain
1,Mahebourg,MU,2/12/2022 7:55,-20.4081,57.7,84.25,78,40,13.8,scattered clouds
2,Jamestown,US,2/12/2022 7:55,42.097,-79.2353,38.08,66,100,11.01,overcast clouds
3,Ushuaia,AR,2/12/2022 7:52,-54.8,-68.3,51.46,62,40,51.79,scattered clouds
4,Puerto Ayora,EC,2/12/2022 7:55,-0.7393,-90.3518,71.55,97,100,1.01,overcast clouds
5,Hasaki,JP,2/12/2022 7:55,35.7333,140.8333,48.29,52,100,6.2,overcast clouds
6,Klaksvik,FO,2/12/2022 7:55,62.2266,-6.589,41.92,97,100,20.02,overcast clouds
7,Saint-Michel-Des-Saints,CA,2/12/2022 7:52,46.6834,-73.9159,31.93,98,100,8.68,overcast clouds
8,Albany,US,2/12/2022 7:51,42.6001,-73.9662,50.58,62,100,6.64,overcast clouds
9,Hilo,US,2/12/2022 7:50,19.7297,-155.09,68.61,92,1,3,clear sky
10,Liuli,TZ,2/12/2022 7:55,-11.0833,34.6333,75.78,82,100,3.94,light rain
11,Archidona,ES,2/12/2022 7:55,37.0965,-4.3887,46.67,90,31,4.03,scattered clouds
12,Ixtapa,MX,2/12/2022 7:55,20.7,-105.2,66.22,83,10,1.01,clear sky
13,Khatanga,RU,2/12/2022 7:55,71.9667,102.5,2.16,82,74,12.39,broken clouds
14,Zyryanka,RU,2/12/2022 7:55,65.75,150.85,-31.22,97,22,5.84,few clouds
15,Clyde River,CA,2/12/2022 7:55,70.4692,-68.5914,-18.17,69,40,25.32,scattered clouds
16,Avarua,CK,2/12/2022 7:55,-21.2078,-159.775,75.25,94,46,1.14,scattered clouds
17,Mataura,NZ,2/12/2022 7:55,-46.1927,168.8643,53.47,60,78,5.82,broken clouds
18,Nelson Bay,AU,2/12/2022 7:55,-32.7167,152.15,74.28,65,63,1.99,broken clouds
19,Fort William,GB,2/12/2022 7:55,56.8165,-5.1121,47.3,90,100,9.4,light rain
20,Cape Town,ZA,2/12/2022 7:55,-33.9258,18.4232,79.88,56,0,8.05,clear sky
21,Hofn,IS,2/12/2022 7:55,64.2539,-15.2082,21.94,71,100,24.2,snow
22,Port Hedland,AU,2/12/2022 7:55,-20.3167,118.5667,89.65,70,9,9.22,light rain
23,Vestmannaeyjar,IS,2/12/2022 7:55,63.4427,-20.2734,30.07,70,100,3.98,overcast clouds
24,Busselton,AU,2/12/2022 7:55,-33.65,115.3333,75.09,45,6,12.82,clear sky
25,Port Augusta,AU,2/12/2022 7:55,-32.5,137.7667,96.71,19,0,9.42,clear sky
26,Sitka,US,2/12/2022 7:55,57.0531,-135.33,44.49,87,100,3.44,moderate rain
27,Kulhudhuffushi,MV,2/12/2022 7:55,6.6221,73.07,81.79,69,48,1.72,moderate rain
28,Norman Wells,CA,2/12/2022 7:55,65.282,-126.8329,-21.96,69,20,4.61,few clouds
29,Codrington,AU,2/12/2022 7:55,-38.2667,141.9667,69.94,62,0,16.84,clear sky
30,Hobart,AU,2/12/2022 7:55,-42.8794,147.3294,70.23,58,57,12.66,broken clouds
31,Atuona,PF,2/12/2022 7:55,-9.8,-139.0333,77.65,76,10,14.2,light rain
32,Manbij,SY,2/12/2022 7:55,36.5281,37.9549,52.57,44,0,4.36,clear sky
33,Port Alfred,ZA,2/12/2022 7:55,-33.5906,26.891,77.58,76,74,12.1,broken clouds
34,Emerald,AU,2/12/2022 7:55,-23.5333,148.1667,91.54,33,40,5.75,scattered clouds
35,Constitucion,CL,2/12/2022 7:55,-35.3333,-72.4167,60.28,48,0,3.47,clear sky
36,Severo-Kurilsk,RU,2/12/2022 7:55,50.6789,156.125,21.58,77,70,6.58,broken clouds
37,Boyolangu,ID,2/12/2022 7:55,-8.1181,111.8935,78.76,85,100,3.24,overcast clouds
38,Millau,FR,2/12/2022 7:55,44.0833,2.9167,31.39,38,76,3.04,broken clouds
39,Tura,IN,2/12/2022 7:55,25.5198,90.2201,72.1,34,6,4.92,clear sky
40,Carnarvon,AU,2/12/2022 7:55,-24.8667,113.6333,91.47,58,21,18.41,few clouds
41,Punta Arenas,CL,2/12/2022 7:55,-53.15,-70.9167,55.51,62,75,40.29,broken clouds
42,Arraial Do Cabo,BR,2/12/2022 7:55,-22.9661,-42.0278,73.35,85,100,4.29,overcast clouds
43,Castro,BR,2/12/2022 7:55,-24.7911,-50.0119,56.75,96,77,5.75,broken clouds
44,Esperance,AU,2/12/2022 7:55,-33.8667,121.9,71.44,75,76,15.77,broken clouds
45,Sao Filipe,CV,2/12/2022 7:55,14.8961,-24.4956,77.9,46,72,18.37,broken clouds
46,Saint-Philippe,RE,2/12/2022 7:55,-21.3585,55.7679,85.59,67,19,10.18,few clouds
47,Katsuura,JP,2/12/2022 7:55,35.1333,140.3,49.1,58,95,6.58,overcast clouds
48,Tselinnoye,RU,2/12/2022 7:55,53.0833,85.6667,7.75,89,6,5.03,clear sky
49,Upernavik,GL,2/12/2022 7:55,72.7868,-56.1549,-7.37,99,100,11.92,light snow
50,Dikson,RU,2/12/2022 7:55,73.5069,80.5464,2.84,79,99,27.94,overcast clouds
51,Saint George,US,2/12/2022 7:53,37.1041,-113.5841,59.59,27,0,18.41,clear sky
52,Chuy,UY,2/12/2022 7:55,-33.6971,-53.4616,68.23,95,95,1.7,overcast clouds
53,Nikolskoye,RU,2/12/2022 7:55,59.7035,30.7861,26.8,91,53,9.82,broken clouds
54,Cacador,BR,2/12/2022 7:55,-26.7753,-51.015,57.27,99,16,2.59,few clouds
55,Puerto Del Rosario,ES,2/12/2022 7:55,28.5004,-13.8627,62.28,72,0,6.91,clear sky
56,Leningradskiy,RU,2/12/2022 7:55,69.3833,178.4167,-18.72,98,97,4.76,overcast clouds
57,Waipawa,NZ,2/12/2022 7:55,-41.4122,175.5153,60.46,98,100,11.36,moderate rain
58,Bull Savanna,JM,2/12/2022 7:55,17.8868,-77.5902,70.81,82,6,9.57,clear sky
59,Mega,ET,2/12/2022 7:55,4.05,38.3,74.21,20,33,18.28,scattered clouds
60,Kaitangata,NZ,2/12/2022 7:55,-46.2817,169.8464,53.92,70,83,10.78,broken clouds
61,San Quintin,MX,2/12/2022 7:55,30.4833,-115.95,60.58,60,0,2.24,clear sky
62,Georgetown,MY,2/12/2022 7:55,5.4112,100.3354,89.53,69,20,10.36,few clouds
63,Kharovsk,RU,2/12/2022 7:55,59.9642,40.1912,23.56,90,99,9.4,overcast clouds
64,Provideniya,RU,2/12/2022 7:55,64.3833,-173.3,-14.69,86,1,8.41,clear sky
65,Laguna,US,2/12/2022 7:55,38.421,-121.4238,62.42,86,0,3.44,clear sky
66,Bonavista,CA,2/12/2022 7:55,48.6499,-53.1147,32.11,70,26,14.34,scattered clouds
67,Bluff,NZ,2/12/2022 7:55,-46.6,168.3333,53.8,61,92,16.17,overcast clouds
68,Kupang,ID,2/12/2022 7:55,-10.1667,123.5833,82.35,79,100,4.54,overcast clouds
69,Ribeira Grande,PT,2/12/2022 7:55,38.5167,-28.7,61.2,72,20,11.5,few clouds
70,Vaini,TO,2/12/2022 7:55,-21.2,-175.2,80.76,94,20,6.91,few clouds
71,Turukhansk,RU,2/12/2022 7:55,65.8167,87.9833,0.63,82,0,4.16,clear sky
72,Mittagong,AU,2/12/2022 7:55,-34.45,150.45,63.7,89,79,4.34,broken clouds
73,Daru,PG,2/12/2022 7:55,-9.0763,143.2092,82.13,72,100,6.64,overcast clouds
74,Bredasdorp,ZA,2/12/2022 7:55,-34.5322,20.0403,78.28,68,94,12.66,overcast clouds
75,Hithadhoo,MV,2/12/2022 7:55,-0.6,73.0833,81.39,69,33,6.58,scattered clouds
76,Namibe,AO,2/12/2022 7:55,-15.1961,12.1522,77.63,78,75,0,broken clouds
77,Yarada,IN,2/12/2022 7:55,17.65,83.2667,84.52,39,20,9.22,haze
78,Hamilton,US,2/12/2022 7:52,39.1834,-84.5333,41.11,82,100,12.66,overcast clouds
79,Lavrentiya,RU,2/12/2022 7:55,65.5833,-171,-24.29,93,29,7.36,scattered clouds
80,Kodiak,US,2/12/2022 7:55,57.79,-152.4072,35.49,94,75,12.48,broken clouds
81,Catamarca,AR,2/12/2022 7:55,-28.4696,-65.7852,67.59,97,100,5.99,moderate rain
82,Henties Bay,NA,2/12/2022 7:55,-22.116,14.2845,71.85,81,21,6.35,few clouds
83,Kunming,CN,2/12/2022 7:55,25.0389,102.7183,62.53,20,20,26.84,few clouds
84,Kenai,US,2/12/2022 7:55,60.5544,-151.2583,27.03,88,100,14.97,light snow
85,Waingapu,ID,2/12/2022 7:55,-9.6567,120.2641,81.32,79,95,4.47,overcast clouds
86,Plettenberg Bay,ZA,2/12/2022 7:55,-34.0527,23.3716,75.87,56,2,7.45,clear sky
87,Kununurra,AU,2/12/2022 7:55,-15.7667,128.7333,94.98,46,29,4.61,scattered clouds
88,Tuktoyaktuk,CA,2/12/2022 7:55,69.4541,-133.0374,-19.91,98,88,1.61,overcast clouds
89,Lompoc,US,2/12/2022 7:55,34.6391,-120.4579,66.56,58,0,12.66,clear sky
90,Midyat,TR,2/12/2022 7:55,37.4247,41.3393,49.28,50,0,10.02,clear sky
91,Yellowknife,CA,2/12/2022 7:52,62.456,-114.3525,-17.88,83,20,2.3,few clouds
92,Ternate,ID,2/12/2022 7:55,0.8,127.4,82.65,77,31,7.29,scattered clouds
93,Avera,US,2/12/2022 7:55,33.194,-82.5271,53.71,68,64,6.26,broken clouds
94,Hermanus,ZA,2/12/2022 7:55,-34.4187,19.2345,78.8,58,99,6.76,overcast clouds
95,Jiuquan,CN,2/12/2022 7:55,39.7432,98.5174,35.01,37,100,18.3,overcast clouds
96,Manzil Salim,TN,2/12/2022 7:55,35.8567,8.4765,39.2,73,100,1.83,overcast clouds
97,Bambous Virieux,MU,2/12/2022 7:55,-20.3428,57.7575,84.22,78,40,13.8,scattered clouds
98,Yuksekova,TR,2/12/2022 7:55,37.5736,44.2872,30.83,68,1,4.32,clear sky
99,Aksu,CN,2/12/2022 7:55,41.1231,80.2644,38.75,27,15,3.4,few clouds
100,Sorland,NO,2/12/2022 7:55,67.667,12.6934,33.19,60,93,23.17,light snow
101,Khandbari,NP,2/12/2022 7:55,27.3747,87.2039,65.43,39,1,5.17,clear sky
102,Zemio,CF,2/12/2022 7:55,5.0314,25.1361,88.77,14,23,8.23,few clouds
103,Ketchikan,US,2/12/2022 7:55,55.3422,-131.6461,39.18,88,100,6.08,overcast clouds
104,Abrau-Dyurso,RU,2/12/2022 7:55,44.69,37.59,45.86,81,76,15.37,broken clouds
105,Tuatapere,NZ,2/12/2022 7:55,-46.1333,167.6833,53.82,67,94,9.28,overcast clouds
106,Port Hardy,CA,2/12/2022 7:55,50.6996,-127.4199,40.75,100,0,2.3,mist
107,Pompeu,BR,2/12/2022 7:55,-19.2244,-44.9353,64.11,99,100,5.5,overcast clouds
108,Saskylakh,RU,2/12/2022 7:55,71.9167,114.0833,2.5,78,91,14.56,overcast clouds
109,Kapaa,US,2/12/2022 7:55,22.0752,-159.319,71.92,66,75,6.91,broken clouds
110,Karema,TZ,2/12/2022 7:55,-6.8205,30.4389,71.35,88,100,5.48,light rain
111,Thompson,CA,2/12/2022 7:55,55.7435,-97.8558,-20.04,76,75,4.61,broken clouds
112,Lagoa Da Prata,BR,2/12/2022 7:55,-20.0225,-45.5436,65.88,97,100,4.34,overcast clouds
113,Butaritari,KI,2/12/2022 7:55,3.0707,172.7902,82.8,72,88,15.7,overcast clouds
114,Filadelfia,US,2/12/2022 7:52,39.9523,-75.1638,55.29,49,75,11.5,broken clouds
115,Ambilobe,MG,2/12/2022 7:55,-13.2,49.05,84.85,71,6,3.31,light rain
116,Ola,RU,2/12/2022 7:55,59.5833,151.2833,-2.87,83,97,4.36,overcast clouds
117,Pisco,PE,2/12/2022 7:55,-13.7,-76.2167,68.05,77,100,9.22,light rain
118,Khromtau,KZ,2/12/2022 7:55,50.2503,58.4347,26.96,95,100,16.26,overcast clouds
119,Lucapa,AO,2/12/2022 7:55,-8.4192,20.7447,75.38,74,100,1.34,overcast clouds
120,Ahipara,NZ,2/12/2022 7:55,-35.1667,173.1667,76.71,87,100,26.78,overcast clouds
121,Jinxi,CN,2/12/2022 7:55,30.4323,116.2922,41.97,91,100,2.26,overcast clouds
122,Barrow,US,2/12/2022 7:55,71.2906,-156.7887,-34.58,100,0,6.91,clear sky
123,Kudahuvadhoo,MV,2/12/2022 7:55,2.6708,72.8944,81.63,68,70,5.59,broken clouds
124,Sojat,IN,2/12/2022 7:55,25.9167,73.6667,77.63,16,0,1.48,clear sky
125,Hovd,MN,2/12/2022 7:55,48.0056,91.6419,-4.54,89,63,3.91,broken clouds
126,Tiksi,RU,2/12/2022 7:55,71.6872,128.8694,-9.51,92,100,16.49,overcast clouds
127,Erenhot,CN,2/12/2022 7:55,43.6475,111.9767,9.64,68,13,5.59,few clouds
128,Altamont,US,2/12/2022 7:55,42.2068,-121.7372,40.77,61,0,4,clear sky
129,Qaanaaq,GL,2/12/2022 7:55,77.484,-69.3632,-22.31,48,0,7.96,clear sky
130,Axim,GH,2/12/2022 7:55,4.8699,-2.2405,80.78,79,77,6.89,broken clouds
131,Chifeng,CN,2/12/2022 7:55,42.2683,118.9636,19.69,58,100,8.57,overcast clouds
132,Cabo San Lucas,MX,2/12/2022 7:55,22.8909,-109.9124,66.51,74,0,5.55,clear sky
133,Te Anau,NZ,2/12/2022 7:55,-45.4167,167.7167,50.54,68,100,6.51,overcast clouds
134,Cidreira,BR,2/12/2022 7:55,-30.1811,-50.2056,72.73,84,1,15.41,clear sky
135,Padang,ID,2/12/2022 7:55,-0.9492,100.3543,87.85,64,99,6.91,overcast clouds
136,Mogwase,ZA,2/12/2022 7:55,-25.185,27.2665,80.47,24,0,9.37,clear sky
137,Chicama,PE,2/12/2022 7:56,-7.8447,-79.1469,71.01,78,96,4.09,overcast clouds
138,Tasiilaq,GL,2/12/2022 7:56,65.6145,-37.6368,1.56,61,72,5.86,broken clouds
139,Mantua,IT,2/12/2022 7:56,45.1667,10.7833,43.09,81,44,1.01,scattered clouds
140,Touba,CI,2/12/2022 7:56,8.2833,-7.6833,70.83,20,5,0.74,clear sky
141,Bethel,US,2/12/2022 7:56,41.3712,-73.414,50.65,61,87,8.63,overcast clouds
142,Dingle,PH,2/12/2022 7:56,10.9995,122.6711,80.89,80,100,11.7,light rain
143,Awjilah,LY,2/12/2022 7:56,29.1081,21.2869,55.81,45,0,7.52,clear sky
144,Qaqortoq,GL,2/12/2022 7:56,60.7167,-46.0333,27.68,81,100,11.25,overcast clouds
145,Cheremnoye,RU,2/12/2022 7:56,53.1697,83.2133,3.79,90,71,6.96,broken clouds
146,Letnyaya Stavka,RU,2/12/2022 7:56,45.4306,43.4472,44.31,62,25,10.4,scattered clouds
147,Polunochnoye,RU,2/12/2022 7:56,60.8697,60.4153,5.41,86,100,4.94,overcast clouds
148,Surin,TH,2/12/2022 7:56,14.8818,103.4936,93.9,61,45,4.45,scattered clouds
149,Souillac,MU,2/12/2022 7:56,-20.5167,57.5167,84.36,78,40,13.8,light rain
150,Cherskiy,RU,2/12/2022 7:56,68.75,161.3,-27.54,98,100,7.76,overcast clouds
151,Charlestown,AU,2/12/2022 7:56,-32.95,151.6667,74.21,65,47,7,scattered clouds
152,Yamada,JP,2/12/2022 7:56,39.4667,141.95,35.35,76,79,6.33,broken clouds
153,Mandalgovi,MN,2/12/2022 7:56,45.7625,106.2708,2.77,59,100,2.3,overcast clouds
154,Lamar,US,2/12/2022 7:56,33.6668,-95.5836,55.06,52,100,15.17,overcast clouds
155,Eureka,US,2/12/2022 7:56,40.8021,-124.1637,51.19,69,0,2.68,clear sky
156,Airai,TL,2/12/2022 7:56,-8.9266,125.4092,67.26,87,96,2.04,overcast clouds
157,Bow Island,CA,2/12/2022 7:56,49.8668,-111.3684,28.42,61,87,13.8,overcast clouds
158,Aktash,RU,2/12/2022 7:56,50.3,87.7333,-0.83,66,0,5.66,clear sky
159,Jasper,US,2/12/2022 7:56,37.2001,-94.3502,31.44,56,100,10,overcast clouds
160,Road Town,VG,2/12/2022 7:51,18.4167,-64.6167,73.99,69,16,22.68,few clouds
161,Windhoek,NA,2/12/2022 7:55,-22.5594,17.0832,63.09,88,75,6.91,broken clouds
162,Brownsville,US,2/12/2022 7:52,25.9018,-97.4975,65.01,88,100,0,overcast clouds
163,New Norfolk,AU,2/12/2022 7:56,-42.7826,147.0587,69.89,44,90,1.01,overcast clouds
164,Pudozh,RU,2/12/2022 7:56,61.8099,36.5345,17.83,94,100,7.92,overcast clouds
165,Bengkulu,ID,2/12/2022 7:56,-3.8004,102.2655,83.95,67,100,8.05,overcast clouds
166,Ugoofaaru,MV,2/12/2022 7:56,5.6667,73,80.92,79,100,13.8,moderate rain
167,Taseyevo,RU,2/12/2022 7:56,57.2169,94.8978,5.97,81,76,6.02,broken clouds
168,Fairbanks,US,2/12/2022 7:55,64.8378,-147.7164,-0.02,79,0,0,clear sky
169,Santa Isabel Do Rio Negro,BR,2/12/2022 7:56,-0.4139,-65.0192,71.53,98,100,1.83,overcast clouds
170,Batagay,RU,2/12/2022 7:56,67.6333,134.6333,-29.06,96,95,3.53,overcast clouds
171,Jertih,MY,2/12/2022 7:56,5.7336,102.4897,82.27,88,100,2.51,overcast clouds
172,Chapais,CA,2/12/2022 7:56,49.7834,-74.8492,6.58,94,100,13.82,light snow
173,Yuancheng,CN,2/12/2022 7:56,36.652,107.7896,33.94,73,100,4.12,overcast clouds
174,Hobyo,SO,2/12/2022 7:56,5.3505,48.5268,81.57,52,90,18.32,overcast clouds
175,San Patricio,US,2/12/2022 7:56,28.017,-97.5169,62.89,94,0,6.46,clear sky
176,Ribas Do Rio Pardo,BR,2/12/2022 7:56,-20.4431,-53.7592,70.79,87,5,2.26,clear sky
177,Takoradi,GH,2/12/2022 7:56,4.8845,-1.7554,81.32,78,96,9.04,overcast clouds
178,Tenosique,MX,2/12/2022 7:56,17.4833,-91.4333,68.16,92,2,7,clear sky
179,Namatanai,PG,2/12/2022 7:56,-3.6667,152.4333,79.66,80,100,2.75,moderate rain
180,Rocha,UY,2/12/2022 7:56,-34.4833,-54.3333,66.16,98,100,3.67,light rain
181,Torbay,CA,2/12/2022 7:56,47.6666,-52.7314,32.58,90,40,18.41,scattered clouds
182,Ancud,CL,2/12/2022 7:56,-41.8697,-73.8203,54.93,83,91,5.06,overcast clouds
183,Talcahuano,CL,2/12/2022 7:56,-36.7167,-73.1167,57.56,56,0,5.77,clear sky
184,Carahue,CL,2/12/2022 7:56,-38.7,-73.1667,59.2,64,1,2.3,clear sky
185,Baiao,BR,2/12/2022 7:56,-2.7906,-49.6717,71.47,99,99,1.88,moderate rain
186,Nanortalik,GL,2/12/2022 7:56,60.1432,-45.2371,29.55,75,100,14.61,overcast clouds
187,Broome,US,2/12/2022 7:56,42.2506,-75.833,47.77,64,100,1.99,overcast clouds
188,Kukuna,SL,2/12/2022 7:56,9.4,-12.6667,71.42,76,99,2.68,overcast clouds
189,Macatuba,BR,2/12/2022 7:56,-22.5022,-48.7114,65.82,90,3,8.19,clear sky
190,Seymchan,RU,2/12/2022 7:56,62.8833,152.4333,-37.55,100,37,0.87,scattered clouds
191,Labranzagrande,CO,2/12/2022 7:56,5.5622,-72.575,66.83,85,100,2.33,overcast clouds
192,Ranau,MY,2/12/2022 7:56,5.9538,116.6641,73.35,78,56,2.66,broken clouds
193,Jumla,NP,2/12/2022 7:56,29.2747,82.1838,50.32,55,0,4.41,clear sky
194,Margate,GB,2/12/2022 7:56,51.3813,1.3862,42.91,83,45,8.01,scattered clouds
195,Hambantota,LK,2/12/2022 7:56,6.1241,81.1185,89.94,66,40,8.05,scattered clouds
196,Tilichiki,RU,2/12/2022 7:56,60.4667,166.1,-17.86,90,8,8.59,clear sky
197,Huarmey,PE,2/12/2022 7:56,-10.0681,-78.1522,70.77,84,100,7.36,overcast clouds
198,Strezhevoy,RU,2/12/2022 7:56,60.7333,77.5889,-5.03,94,76,11.21,broken clouds
199,Ales,FR,2/12/2022 7:56,44.1333,4.0833,41.25,37,29,4.29,scattered clouds
200,Chokurdakh,RU,2/12/2022 7:56,70.6333,147.9167,-2.96,96,100,13.8,overcast clouds
201,Kirakira,SB,2/12/2022 7:56,-10.4544,161.9205,79.23,85,100,0.09,light rain
202,Beyneu,KZ,2/12/2022 7:56,45.3167,55.2,40.84,60,32,16.89,scattered clouds
203,Mackay,AU,2/12/2022 7:56,-21.15,149.2,84.18,65,40,16.11,scattered clouds
204,Westport,US,2/12/2022 7:54,41.1415,-73.3579,51.64,63,46,8.99,scattered clouds
205,Nishihara,JP,2/12/2022 7:56,26.1842,127.7558,70.88,78,75,19.57,broken clouds
206,Areosa,PT,2/12/2022 7:56,41.7178,-8.8571,52.36,87,71,1.28,broken clouds
207,Vostok,RU,2/12/2022 7:56,46.4856,135.8833,9.75,96,100,4.36,light snow
208,Panguipulli,CL,2/12/2022 7:56,-39.6333,-72.3333,40.71,62,76,3.4,broken clouds
209,Kupino,RU,2/12/2022 7:56,54.3663,77.2981,0.95,93,48,11.59,scattered clouds
210,Ambon,ID,2/12/2022 7:56,-3.6954,128.1814,87.94,70,40,11.5,scattered clouds
211,Porechye-Rybnoye,RU,2/12/2022 7:56,57.098,39.3835,28.31,90,99,11.43,overcast clouds
212,Kalevala,RU,2/12/2022 7:56,65.2,31.1667,9.28,96,34,6.06,scattered clouds
213,Vao,NC,2/12/2022 7:56,-22.6667,167.4833,80.67,83,100,8.37,overcast clouds
214,Ratnagiri,IN,2/12/2022 7:56,16.9833,73.3,89.24,36,59,8.01,broken clouds
215,Upington,ZA,2/12/2022 7:56,-28.4478,21.2561,84.58,42,0,11.5,clear sky
216,Sayyan,YE,2/12/2022 7:56,15.1718,44.3244,66.81,21,0,2.46,clear sky
217,Roma,US,2/12/2022 7:56,43.2128,-75.4557,45.73,95,100,1.01,mist
218,Sur,OM,2/12/2022 7:56,22.5667,59.5289,76.46,39,0,4.56,clear sky
219,Chisindia,RO,2/12/2022 7:56,46.2833,22.1,38.19,61,44,6.51,scattered clouds
220,Yatou,CN,2/12/2022 7:56,37.15,122.3833,40.77,52,96,7,overcast clouds
221,Flinders,AU,2/12/2022 7:56,-34.5833,150.8552,70.88,88,67,5.99,light rain
222,College,US,2/12/2022 7:56,64.8569,-147.8028,-0.02,80,0,0,clear sky
223,Honiara,SB,2/12/2022 7:56,-9.4333,159.95,77.58,89,100,3.67,overcast clouds
224,Penzance,GB,2/12/2022 7:56,50.1186,-5.5371,50.07,76,40,20.71,scattered clouds
225,Bahawalpur,PK,2/12/2022 7:56,29.4,71.6833,79.92,12,0,12.73,clear sky
226,Roald,NO,2/12/2022 7:56,62.5833,6.1333,39.34,75,75,9.22,light intensity drizzle
227,Mar Del Plata,AR,2/12/2022 7:56,-38.0023,-57.5575,61.88,73,75,20,broken clouds
228,Niksic,ME,2/12/2022 7:56,42.7731,18.9445,46.26,94,93,6.6,overcast clouds
229,Port Lincoln,AU,2/12/2022 7:56,-34.7333,135.8667,73.53,49,0,8.97,clear sky
230,Kloulklubed,PW,2/12/2022 7:56,7.0419,134.2556,82.2,78,100,20.11,overcast clouds
231,Bougouni,ML,2/12/2022 7:56,11.417,-7.479,69.39,17,5,7.78,clear sky
232,Kavaratti,IN,2/12/2022 7:56,10.5669,72.642,80.74,72,10,7.94,clear sky
233,Batagay-Alyta,RU,2/12/2022 7:56,67.8006,130.4114,-20.18,87,40,4.52,scattered clouds
234,Tessalit,ML,2/12/2022 7:56,20.1986,1.0114,64.78,17,3,8.79,clear sky
235,Gizo,SB,2/12/2022 7:56,-8.103,156.8419,81.52,73,100,3.42,light rain
236,Sarmizegetusa,RO,2/12/2022 7:56,45.5167,22.7833,37.22,83,93,2.77,overcast clouds
237,Belaya Gora,RU,2/12/2022 7:56,68.5333,146.4167,-23.85,94,100,5.93,overcast clouds
238,Onda,ES,2/12/2022 7:56,39.9667,-0.25,51.04,79,19,4.03,few clouds
239,Mehamn,NO,2/12/2022 7:56,71.0357,27.8492,22.87,73,100,5.75,snow
240,Kapuskasing,CA,2/12/2022 7:56,49.4169,-82.4331,-18.31,69,75,12.66,broken clouds
241,Concepcion Del Uruguay,AR,2/12/2022 7:56,-32.4825,-58.2372,59.99,97,100,4,light rain
242,Pachino,IT,2/12/2022 7:56,36.7186,15.0907,50.04,69,100,2.95,overcast clouds
243,Oksfjord,NO,2/12/2022 7:56,70.2396,22.3479,25.72,88,98,7.56,light snow
244,Aba,NG,2/12/2022 7:56,5.1066,7.3667,74.82,66,45,3.96,scattered clouds
245,Grand Gaube,MU,2/12/2022 7:56,-20.0064,57.6608,84.38,67,100,10,overcast clouds
246,Gijon,ES,2/12/2022 7:56,43.5357,-5.6615,50.85,94,89,1.59,overcast clouds
247,Troitsko-Pechorsk,RU,2/12/2022 7:56,62.7084,56.1964,12.69,93,100,7.18,light snow
248,Mayo,US,2/12/2022 7:56,38.8876,-76.5119,56.08,49,0,11.5,clear sky
249,Visby,SE,2/12/2022 7:53,57.6409,18.296,35.82,80,0,20.71,clear sky
250,Beboto,TD,2/12/2022 7:56,8.2668,16.939,83.5,11,3,5.77,clear sky
251,Labuhan,ID,2/12/2022 7:56,-6.8844,112.2051,81.07,83,100,9.84,overcast clouds
252,Samarai,PG,2/12/2022 7:56,-10.6167,150.6667,82.31,64,58,14.2,broken clouds
253,Saint-Joseph,RE,2/12/2022 7:56,-21.3667,55.6167,84.58,67,23,3.15,few clouds
254,Gladstone,AU,2/12/2022 7:56,-23.85,151.25,80.53,61,40,17.27,scattered clouds
255,Half Moon Bay,US,2/12/2022 7:56,37.4636,-122.4286,64.76,68,0,0,clear sky
256,Cockburn Town,TC,2/12/2022 7:56,21.4612,-71.1419,77.25,82,0,22.32,clear sky
257,Sinnamary,GF,2/12/2022 7:56,5.3833,-52.95,76.23,86,99,11.74,overcast clouds
258,Aklavik,CA,2/12/2022 7:56,68.2191,-135.0107,-21.17,98,17,8.9,few clouds
259,Salalah,OM,2/12/2022 7:56,17.0151,54.0924,76.84,51,4,7.67,clear sky
260,Straumen,NO,2/12/2022 7:56,63.8709,11.2999,34.63,74,100,7.18,overcast clouds
261,Ponta Delgada,PT,2/12/2022 7:56,37.7333,-25.6667,59.5,72,75,10.36,broken clouds
262,Vila Franca Do Campo,PT,2/12/2022 7:56,37.7167,-25.4333,59.2,81,83,6.13,broken clouds
263,Fare,PF,2/12/2022 7:56,-16.7,-151.0167,81.75,70,49,14.2,scattered clouds
264,Evensk,RU,2/12/2022 7:56,61.95,159.2333,-11.63,75,31,6.78,scattered clouds
265,Rawson,AR,2/12/2022 7:56,-43.3002,-65.1023,60.21,48,32,13.4,scattered clouds
266,Tanout,NE,2/12/2022 7:56,14.9709,8.8879,63.32,15,0,16.06,clear sky
267,Antigonish,CA,2/12/2022 7:56,45.6169,-61.9986,40.12,89,100,13.85,overcast clouds
268,Longyearbyen,SJ,2/12/2022 7:56,78.2186,15.6401,19.24,86,75,8.05,light snow
269,Conceicao Do Araguaia,BR,2/12/2022 7:56,-8.2578,-49.2647,71.69,97,100,2.19,overcast clouds
270,San Lorenzo,PY,2/12/2022 7:52,-25.3333,-57.5333,76.59,73,0,7,clear sky
271,Loubomo,CG,2/12/2022 7:56,-4.1997,12.6739,75.4,82,87,2.71,overcast clouds
272,Kil,SE,2/12/2022 7:56,59.5072,13.314,37.29,75,100,12.66,overcast clouds
273,Bubaque,GW,2/12/2022 7:56,11.2833,-15.8333,77.58,43,3,18.12,clear sky
274,Bom Jesus,BR,2/12/2022 7:56,-9.0744,-44.3586,69.15,96,32,0.94,scattered clouds
275,Ina,JP,2/12/2022 7:56,35.8276,137.9538,39.45,55,97,1.9,overcast clouds
276,High Level,CA,2/12/2022 7:56,58.5169,-117.136,-12.89,84,0,0,clear sky
277,Poya,NC,2/12/2022 7:56,-21.35,165.15,79.41,86,100,3.74,overcast clouds
278,Touros,BR,2/12/2022 7:56,-5.1989,-35.4608,77.9,84,100,7.43,overcast clouds
279,Bathsheba,BB,2/12/2022 7:56,13.2167,-59.5167,77.61,69,75,16.11,broken clouds
280,Kahului,US,2/12/2022 7:52,20.8947,-156.47,74.84,81,20,8.05,few clouds
281,The Valley,AI,2/12/2022 7:56,18.217,-63.0578,76.86,69,9,21.21,clear sky
282,Mount Isa,AU,2/12/2022 7:56,-20.7333,139.5,98.37,25,75,9.22,broken clouds
283,Ndele,CF,2/12/2022 7:56,8.4109,20.6473,84.33,13,19,8.46,few clouds
284,Kavieng,PG,2/12/2022 7:56,-2.5744,150.7967,81.45,77,99,7.56,light rain
285,East London,ZA,2/12/2022 7:56,-33.0153,27.9116,77.94,78,40,5.75,scattered clouds
286,Meulaboh,ID,2/12/2022 7:56,4.1363,96.1285,86.67,58,100,3.87,overcast clouds
287,Palmer,US,2/12/2022 7:54,42.1584,-72.3287,50.45,56,100,10.36,overcast clouds
288,Obo,CF,2/12/2022 7:56,5.3998,26.4869,86.86,15,99,10.18,overcast clouds
289,Alyangula,AU,2/12/2022 7:56,-13.8483,136.4192,85.87,62,9,5.75,clear sky
290,Sao Felix Do Xingu,BR,2/12/2022 7:56,-6.6447,-51.995,70.75,100,100,1.88,light rain
291,Hami,CN,2/12/2022 7:56,42.8,93.45,33.13,55,95,7.47,overcast clouds
292,Sovetskaya Gavan,RU,2/12/2022 7:56,48.9723,140.2878,20.35,97,100,2.55,light snow
293,Ambovombe,MG,2/12/2022 7:56,-25.1667,46.0833,84.4,62,0,14.92,clear sky
294,Angoche,MZ,2/12/2022 7:56,-16.2325,39.9086,81.73,79,88,6.49,light rain
295,Husavik,IS,2/12/2022 7:56,66.0449,-17.3389,17.51,80,99,6.22,overcast clouds
296,Pevek,RU,2/12/2022 7:56,69.7008,170.3133,-31.23,100,84,6.22,broken clouds
297,Olafsvik,IS,2/12/2022 7:56,64.8945,-23.7142,26.65,73,65,27.6,broken clouds
298,Ponta Do Sol,PT,2/12/2022 7:56,32.6667,-17.1,63.23,71,6,5.84,clear sky
299,Havelock,US,2/12/2022 7:56,34.8791,-76.9013,57.15,88,13,5.32,few clouds
300,Richards Bay,ZA,2/12/2022 7:56,-28.783,32.0377,83.79,55,2,5.93,clear sky
301,Dalvik,IS,2/12/2022 7:56,65.9702,-18.5286,17.53,90,100,8.05,overcast clouds
302,Srednekolymsk,RU,2/12/2022 7:56,67.45,153.6833,-31.09,97,25,6.89,scattered clouds
303,Pakxe,LA,2/12/2022 7:56,15.1167,105.7833,93.34,43,40,2.3,scattered clouds
304,Lorengau,PG,2/12/2022 7:56,-2.0226,147.2712,81.25,77,87,2.21,overcast clouds
305,Isangel,VU,2/12/2022 7:56,-19.55,169.2667,80.11,87,86,8.08,overcast clouds
306,Kasongo-Lunda,CD,2/12/2022 7:56,-6.4667,16.8167,78.01,81,88,0.67,light rain
307,Finschhafen,PG,2/12/2022 7:56,-6.6024,147.8681,80.24,84,100,9.84,overcast clouds
308,Abnub,EG,2/12/2022 7:56,27.2696,31.1511,53.82,42,0,0.63,clear sky
309,Kyra,RU,2/12/2022 7:56,49.5776,111.9753,0.14,73,90,3.06,overcast clouds
310,Bitung,ID,2/12/2022 7:56,1.4451,125.1824,79.65,77,96,10.65,overcast clouds
311,Nadym,RU,2/12/2022 7:56,65.5333,72.5167,-0.87,83,15,16.06,few clouds
312,Bandarbeyla,SO,2/12/2022 7:56,9.4942,50.8122,79.09,52,88,15.05,overcast clouds
313,Borger,NL,2/12/2022 7:56,52.9233,6.7931,33.78,88,32,12.33,scattered clouds
314,Yurimaguas,PE,2/12/2022 7:56,-5.9,-76.0833,71.22,99,100,1.88,overcast clouds
315,Amga,RU,2/12/2022 7:56,60.8953,131.9608,-19.08,98,66,1.16,broken clouds
316,Buala,SB,2/12/2022 7:56,-8.145,159.5921,77.2,88,100,6.76,light rain
317,Karaton,ID,2/12/2022 7:56,-6.3424,106.1045,87.89,54,100,6.58,overcast clouds
318,Americana,BR,2/12/2022 7:56,-22.7392,-47.3314,69.1,100,0,5.79,clear sky
319,Port Elizabeth,ZA,2/12/2022 7:56,-33.918,25.5701,73.69,64,0,5.75,clear sky
320,Morros,BR,2/12/2022 7:56,-9.4467,-46.3003,70.09,92,14,2.21,few clouds
321,San Ciro De Acosta,MX,2/12/2022 7:56,21.6333,-99.8167,55.17,92,0,1.16,clear sky
322,Yulara,AU,2/12/2022 7:56,-25.2406,130.9889,96.64,13,0,11.5,clear sky
323,Siavonga,ZM,2/12/2022 7:56,-16.5382,28.7088,78.75,70,98,4.99,overcast clouds
324,Beloha,MG,2/12/2022 7:56,-25.1667,45.05,89.06,50,4,13.51,clear sky
325,Egvekinot,RU,2/12/2022 7:56,66.3167,-179.1667,-20.56,88,13,8.16,few clouds
326,Doha,QA,2/12/2022 7:56,25.2867,51.5333,76.98,50,0,4.61,clear sky
327,Vega De Alatorre,MX,2/12/2022 7:56,20.0333,-96.6333,66.99,88,52,2.35,broken clouds
328,Rawlins,US,2/12/2022 7:56,41.7911,-107.2387,14.43,76,20,4.34,few clouds
329,Mirabad,AF,2/12/2022 7:56,30.4362,61.8383,64.49,24,0,11.16,clear sky
330,Luderitz,NA,2/12/2022 7:56,-26.6481,15.1594,82.53,55,2,1.28,clear sky
331,Liberal,US,2/12/2022 7:56,37.0431,-100.921,29.44,41,100,15.39,overcast clouds
332,Aykhal,RU,2/12/2022 7:56,66,111.5,1.42,99,77,4.63,broken clouds
333,Kultuk,RU,2/12/2022 7:57,51.7208,103.6956,3.29,88,90,3.85,overcast clouds
334,Sarankhola,BD,2/12/2022 7:57,22.3082,89.7897,78.01,25,24,9.1,few clouds
335,Fuerte Olimpo,PY,2/12/2022 7:57,-21.0415,-57.8738,75.6,72,23,3.38,few clouds
336,Belmonte,BR,2/12/2022 7:57,-15.8631,-38.8828,73.9,89,28,2.51,scattered clouds
337,Pierre,US,2/12/2022 7:56,44.3683,-100.351,10.85,60,11,3,few clouds
338,Duma,CN,2/12/2022 7:57,34.7653,108.135,41.02,63,100,1.61,overcast clouds
339,Paragominas,BR,2/12/2022 7:57,-2.9667,-47.4833,71.47,99,100,2.24,overcast clouds
340,Raga,SS,2/12/2022 7:57,8.4596,25.678,78.58,13,65,7.99,broken clouds
341,Gazanjyk,TM,2/12/2022 7:57,39.2446,55.5154,47.46,40,0,8.28,clear sky
342,Black River,JM,2/12/2022 7:57,18.0264,-77.8487,73.4,85,5,4.85,clear sky
343,Morondava,MG,2/12/2022 7:57,-20.2833,44.2833,85.46,71,16,3.76,few clouds
344,Comodoro Rivadavia,AR,2/12/2022 7:55,-45.8667,-67.5,66.06,30,0,6.91,clear sky
345,Krasnoselkup,RU,2/12/2022 7:57,65.7,82.4667,0.07,88,6,10.85,clear sky
346,Alindao,CF,2/12/2022 7:57,5.0267,21.2088,89.42,15,6,6.8,clear sky
347,Ferrol,ES,2/12/2022 7:57,43.4832,-8.2369,47.71,90,66,4.14,broken clouds
348,Sidrolandia,BR,2/12/2022 7:57,-20.9319,-54.9614,77.79,84,10,3.47,clear sky
349,Wau,SS,2/12/2022 7:57,7.7029,27.9953,85.44,13,5,8.32,clear sky
350,Zhigansk,RU,2/12/2022 7:57,66.7697,123.3711,-26,98,99,6.22,overcast clouds
351,Binga,ZW,2/12/2022 7:57,-17.6203,27.3414,77.27,71,100,4.65,light rain
352,Kruisfontein,ZA,2/12/2022 7:57,-34.0033,24.7314,82.53,34,0,7.27,clear sky
353,Khilok,RU,2/12/2022 7:57,51.3674,110.4676,-1.34,73,100,4.03,overcast clouds
354,Nome,US,2/12/2022 7:57,64.5011,-165.4064,-13.88,86,92,7.43,overcast clouds
355,Alice Springs,AU,2/12/2022 7:57,-23.7,133.8833,89.15,18,0,8.05,clear sky
356,Port-Gentil,GA,2/12/2022 7:57,-0.7193,8.7815,80.56,94,40,4.61,scattered clouds
357,Bafq,IR,2/12/2022 7:57,31.6128,55.4107,57.25,27,100,7,overcast clouds
358,Inhambupe,BR,2/12/2022 7:57,-11.7844,-38.3531,71.91,96,2,4.29,clear sky
359,Kamenka,RU,2/12/2022 7:57,51.3223,42.7678,30.74,91,99,4.76,overcast clouds
360,Kasamwa,TZ,2/12/2022 7:57,-2.85,32.4333,73.9,71,100,4.72,moderate rain
361,Pitea,SE,2/12/2022 7:57,65.3172,21.4794,8.69,91,100,4.63,overcast clouds
362,Xingtai,CN,2/12/2022 7:57,37.0631,114.4942,49.51,37,100,3.06,overcast clouds
363,Peterhead,GB,2/12/2022 7:57,57.5058,-1.7981,44.11,90,100,23.78,overcast clouds
364,Ullapool,GB,2/12/2022 7:57,57.8987,-5.1604,46.76,93,100,16.89,light rain
365,Zeya,RU,2/12/2022 7:57,53.75,127.2667,2.66,73,53,4.5,broken clouds
366,Sistranda,NO,2/12/2022 7:57,63.7256,8.834,36.9,74,100,13.13,light rain
367,Thunder Bay,CA,2/12/2022 7:54,48.4001,-89.3168,-11.43,67,0,6.91,clear sky
368,Lebu,CL,2/12/2022 7:57,-37.6167,-73.65,56.34,65,0,11.95,clear sky
369,Zonguldak,TR,2/12/2022 7:57,41.25,31.8333,47.17,53,17,1.97,few clouds
370,Roznava,SK,2/12/2022 7:57,48.6601,20.5376,35.74,67,5,3.2,clear sky
371,Asau,RO,2/12/2022 7:57,46.4333,26.4,38.75,74,100,3.85,overcast clouds
372,Nogent-Le-Rotrou,FR,2/12/2022 7:57,48.3333,1,30.65,84,95,7.61,overcast clouds
373,Tatawin,TN,2/12/2022 7:57,32.9297,10.4518,50.88,58,61,1.32,broken clouds
374,Dukat,RU,2/12/2022 7:57,62.55,155.55,-28.39,85,78,3.69,broken clouds
375,Vaitape,PF,2/12/2022 7:57,-16.5167,-151.75,82,71,100,14.36,overcast clouds
376,Yakeshi,CN,2/12/2022 7:57,49.2833,120.7333,-4.14,95,99,5.41,overcast clouds
377,Porto Novo,BJ,2/12/2022 7:57,6.4965,2.6036,80.42,75,94,3.76,overcast clouds
378,Geraldton,AU,2/12/2022 7:57,-28.7667,114.6,81.01,54,87,25.32,overcast clouds
379,Taoudenni,ML,2/12/2022 7:57,22.6783,-3.9836,58.23,28,42,10.07,scattered clouds
380,Tam Ky,VN,2/12/2022 7:57,15.5667,108.4833,78.78,79,100,9.4,overcast clouds
381,Iqaluit,CA,2/12/2022 7:57,63.7506,-68.5145,-18.31,75,40,5.75,scattered clouds
382,Chenzhou,CN,2/12/2022 7:57,25.8,113.0333,43.92,91,100,4.97,overcast clouds
383,Yenagoa,NG,2/12/2022 7:57,4.9247,6.2642,83.82,71,32,3.89,scattered clouds
384,Port Moresby,PG,2/12/2022 7:57,-9.4431,147.1797,85.42,66,40,13.8,haze
385,Misratah,LY,2/12/2022 7:57,32.3754,15.0925,56.79,55,100,7.72,overcast clouds
386,Tautira,PF,2/12/2022 7:57,-17.7333,-149.15,77.02,74,100,12.46,overcast clouds
387,Wellington,NZ,2/12/2022 7:55,-41.2866,174.7756,66.76,96,100,9.22,moderate rain
388,Ilulissat,GL,2/12/2022 7:57,69.2167,-51.1,23.52,76,100,9.48,overcast clouds
389,La Asuncion,VE,2/12/2022 7:55,11.0333,-63.8628,74.93,83,52,11.5,broken clouds
390,Sebu,PH,2/12/2022 7:57,6.22,124.6936,80.98,53,100,5.19,overcast clouds
391,Bisert,RU,2/12/2022 7:57,56.8617,59.0523,22.05,89,100,6.29,overcast clouds
392,Chapleau,CA,2/12/2022 7:57,47.8405,-83.4034,-15.36,92,100,11.23,overcast clouds
393,Umarkot,PK,2/12/2022 7:57,25.3616,69.7362,81,14,0,7.83,clear sky
394,Tokonou,GN,2/12/2022 7:57,9.65,-9.7833,66.76,19,14,1.21,few clouds
395,Kolosovka,RU,2/12/2022 7:57,56.4678,73.611,0.81,91,70,13.42,broken clouds
396,Caravelas,BR,2/12/2022 7:57,-17.7125,-39.2481,73.04,92,96,2.53,overcast clouds
397,Wucheng,CN,2/12/2022 7:57,29.6008,118.175,45.01,97,100,1.66,light rain
398,Gezing,AT,2/12/2022 7:57,47.9178,13.1299,33.82,95,0,8.05,clear sky
399,Jaciara,BR,2/12/2022 7:57,-15.9653,-54.9683,68.34,96,68,1.41,broken clouds
400,Opuwo,NA,2/12/2022 7:57,-18.0607,13.84,74.59,69,85,4.54,light rain
401,Strelka,RU,2/12/2022 7:57,58.0728,93.0344,5.56,81,14,7.81,few clouds
402,Agaro,ET,2/12/2022 7:57,7.85,36.65,82.74,34,51,1.52,broken clouds
403,Nenjiang,CN,2/12/2022 7:57,49.1833,125.2167,5.27,88,100,4.05,overcast clouds
404,Amapa,BR,2/12/2022 7:57,1,-52,71.47,99,100,2.82,overcast clouds
405,Newport,GB,2/12/2022 7:57,51.5877,-2.9984,45.25,75,100,1.99,overcast clouds
406,Kurilsk,RU,2/12/2022 7:57,45.2333,147.8833,27.72,90,100,5.53,light snow
407,Vagur,FO,2/12/2022 7:57,61.4732,-6.8119,44.42,85,100,20.83,overcast clouds
408,Kaohsiung,TW,2/12/2022 7:57,22.6163,120.3133,78.75,61,75,8.05,broken clouds
409,Shenxian,CN,2/12/2022 7:57,36.2411,115.6672,51.69,34,100,4.5,overcast clouds
410,Svetlyy,RU,2/12/2022 7:57,54.675,20.1347,36.97,74,3,15.37,clear sky
411,Shenzhen,CN,2/12/2022 7:52,22.5455,114.0683,72.86,87,65,5.88,broken clouds
412,Dondo,MZ,2/12/2022 7:57,-19.6094,34.7431,85.51,67,96,5.19,overcast clouds
413,Sept-Iles,CA,2/12/2022 7:57,50.2001,-66.3821,27.12,94,100,17.27,snow
414,Skotterud,NO,2/12/2022 7:57,59.9828,12.1283,35.82,79,100,14.34,overcast clouds
415,Mwense,ZM,2/12/2022 7:57,-10.3845,28.698,70.59,84,100,2.24,overcast clouds
416,Haines Junction,CA,2/12/2022 7:57,60.7522,-137.5108,19.35,86,100,2.3,overcast clouds
417,Narsaq,GL,2/12/2022 7:57,60.9167,-46.05,27.01,91,100,11.21,light snow
418,Mitu,CO,2/12/2022 7:57,1.1983,-70.1733,71.06,96,66,0.85,light rain
419,East Bethel,US,2/12/2022 7:57,45.3194,-93.2025,3.15,72,0,10.36,clear sky
420,Bad Doberan,DE,2/12/2022 7:57,54.1071,11.9005,36.01,85,45,12.35,scattered clouds
421,Tabas,IR,2/12/2022 7:57,33.5959,56.9244,61.86,32,91,7.85,overcast clouds
422,Teahupoo,PF,2/12/2022 7:57,-17.8333,-149.2667,71.56,74,100,12.37,overcast clouds
423,Tarsus,TR,2/12/2022 7:52,36.9188,34.8784,53.47,56,0,3.11,clear sky
424,Kommunisticheskiy,RU,2/12/2022 7:57,61.6789,64.4819,5.92,93,100,10.78,light snow
425,Palmetto,US,2/12/2022 7:57,27.5214,-82.5723,59.99,75,0,3.24,clear sky
426,Buraydah,SA,2/12/2022 7:57,26.326,43.975,55.85,32,0,16.13,clear sky
427,Onega,RU,2/12/2022 7:57,63.9061,38.1404,18.73,93,99,9.44,overcast clouds
428,Tigil,RU,2/12/2022 7:57,57.8,158.6667,-15.02,100,19,2.3,few clouds
429,Ajdabiya,LY,2/12/2022 7:57,30.7554,20.2263,54.48,55,0,6.98,clear sky
430,Gold Coast,AU,2/12/2022 7:53,-28,153.4333,77.23,71,8,17.27,clear sky
431,San Cristobal,VE,2/12/2022 7:57,7.7669,-72.225,64.74,84,100,0.98,overcast clouds
432,Treinta Y Tres,UY,2/12/2022 7:57,-33.2333,-54.3833,67.78,98,100,5.12,overcast clouds
433,Beisfjord,NO,2/12/2022 7:57,68.3751,17.5988,23.05,84,100,8.25,overcast clouds
434,Saint-Paul,RE,2/12/2022 7:57,-21.0096,55.2707,86.11,64,18,12.08,few clouds
435,Hay River,CA,2/12/2022 7:57,60.8156,-115.7999,-20.22,83,20,2.3,few clouds
436,Hauterive,FR,2/12/2022 7:57,46.0901,3.4459,28.02,69,100,3.29,overcast clouds
437,Grand-Santi,GF,2/12/2022 7:57,4.25,-54.3833,71.26,100,100,1.95,overcast clouds
438,Zhongxing,CN,2/12/2022 7:57,33.7039,118.6792,48.06,40,96,8.61,overcast clouds
439,Mogzon,RU,2/12/2022 7:57,51.7435,111.9606,-1.5,75,100,1.32,overcast clouds
440,Wewak,PG,2/12/2022 7:57,-3.5534,143.6268,81.36,80,100,7.99,overcast clouds
441,Halifax,CA,2/12/2022 7:55,44.6453,-63.5724,43.48,93,90,13.8,overcast clouds
442,Mulege,MX,2/12/2022 7:57,26.8833,-111.9833,63.61,31,0,3.83,clear sky
443,Antalaha,MG,2/12/2022 7:57,-14.9003,50.2788,81.66,71,44,8.43,light rain
444,Contramaestre,CU,2/12/2022 7:57,20.2978,-76.2414,72.88,92,12,3.38,few clouds
445,Port Macquarie,AU,2/12/2022 7:57,-31.4333,152.9167,73.36,69,88,14.79,overcast clouds
446,Adrar,MR,2/12/2022 7:57,20.5022,-10.0711,57.13,26,13,9.15,few clouds
447,Paranhos,BR,2/12/2022 7:57,-23.8928,-55.4311,67.71,71,0,5.39,clear sky
448,Timbo,BR,2/12/2022 7:57,-26.8233,-49.2717,71.4,90,81,1.83,broken clouds
449,Lilongwe,MW,2/12/2022 7:54,-13.9669,33.7873,70,94,75,3.44,broken clouds
450,Athabasca,CA,2/12/2022 7:57,54.7169,-113.2854,17.29,91,100,3.33,overcast clouds
451,Neudorfl,AT,2/12/2022 7:57,47.7833,16.2833,40.21,68,29,3.83,scattered clouds
452,Inuvik,CA,2/12/2022 7:57,68.3499,-133.7218,-21.14,76,0,6.91,clear sky
453,Kafanchan,NG,2/12/2022 7:57,9.5833,8.3,63.57,12,80,4.85,broken clouds
454,Coquimbo,CL,2/12/2022 7:57,-29.9533,-71.3436,60.53,88,0,5.75,clear sky
455,San Francisco,US,2/12/2022 7:52,37.7749,-122.4194,64.17,70,0,5.75,clear sky
456,Pangnirtung,CA,2/12/2022 7:57,66.1451,-65.7125,2.91,92,100,2.44,light snow
457,Fortuna,US,2/12/2022 7:57,40.5982,-124.1573,50.92,93,0,6.91,clear sky
458,Fomboni,KM,2/12/2022 7:57,-12.28,43.7425,81.48,73,100,9.24,overcast clouds
459,Menongue,AO,2/12/2022 7:57,-14.6585,17.691,74.08,68,96,1.77,light rain
460,Caraballeda,VE,2/12/2022 7:57,10.6112,-66.8522,75.36,70,75,0,broken clouds
461,Dong Hoi,VN,2/12/2022 7:57,17.4833,106.6,73.51,86,99,8.68,overcast clouds
462,Elizabeth City,US,2/12/2022 7:57,36.2946,-76.2511,53.02,70,0,3,clear sky
463,Cauquenes,CL,2/12/2022 7:57,-35.9671,-72.3225,57.31,39,0,2.17,clear sky
464,Los Llanos De Aridane,ES,2/12/2022 7:57,28.6585,-17.9182,60.55,56,75,6.91,broken clouds
465,Kamina,CD,2/12/2022 7:57,-8.7386,24.9906,74.88,68,75,2.04,broken clouds
466,Frisco,US,2/12/2022 7:52,33.1507,-96.8236,55.22,42,90,11.99,overcast clouds
467,Uyskoye,RU,2/12/2022 7:57,54.3775,60.0047,14.09,88,35,2.37,scattered clouds
468,Coihaique,CL,2/12/2022 7:56,-45.5752,-72.0662,50.61,81,21,3.44,few clouds
469,Vallenar,CL,2/12/2022 7:57,-28.5708,-70.7581,64.42,68,0,1.68,clear sky
470,Saint-Augustin,CA,2/12/2022 7:57,51.226,-58.6502,-4.22,94,100,4.25,overcast clouds
471,Rzhanitsa,RU,2/12/2022 7:57,53.4284,33.923,30.65,93,92,8.86,light snow
472,Saldanha,ZA,2/12/2022 7:57,-33.0117,17.9442,69.85,77,100,7.99,overcast clouds
473,Sangmelima,CM,2/12/2022 7:57,2.9333,11.9833,79.02,60,26,2.93,scattered clouds
474,Camocim,BR,2/12/2022 7:57,-2.9022,-40.8411,75.7,89,100,6.67,overcast clouds
475,Gravdal,NO,2/12/2022 7:57,68.1214,13.5031,29.84,76,99,10.31,snow
476,Pringsewu,ID,2/12/2022 7:57,-5.3582,104.9744,87.55,57,96,1.52,overcast clouds
477,Kinablangan,PH,2/12/2022 7:57,7.6947,126.5503,81.64,74,100,4.63,overcast clouds
478,Prudentopolis,BR,2/12/2022 7:57,-25.2131,-50.9778,58.05,100,27,2.46,scattered clouds
479,Kiama,AU,2/12/2022 7:57,-34.6833,150.8667,71.08,92,81,1.99,light rain
480,Riyadh,SA,2/12/2022 7:54,24.6877,46.7219,60.94,29,55,17.52,broken clouds
481,Faanui,PF,2/12/2022 7:57,-16.4833,-151.75,82.06,71,100,14.45,overcast clouds
482,Saint-Louis,SN,2/12/2022 7:57,16.3333,-15,65.84,16,64,13.96,broken clouds
483,Cayenne,GF,2/12/2022 7:57,4.9333,-52.3333,75.24,92,75,5.01,broken clouds
484,Kimry,RU,2/12/2022 7:57,56.8667,37.35,24.44,89,83,9.86,broken clouds
485,Khandyga,RU,2/12/2022 7:57,62.6667,135.6,-33.81,99,46,0.67,scattered clouds
486,Beringovskiy,RU,2/12/2022 7:57,63.05,179.3167,-26.21,95,11,8.75,few clouds
487,Hit,IQ,2/12/2022 7:57,33.6416,42.8251,61.02,37,0,18.03,clear sky
488,Bonthe,SL,2/12/2022 7:57,7.5264,-12.505,76.8,88,11,4.68,few clouds
489,Marawi,PH,2/12/2022 7:57,7.9986,124.2928,73.65,79,98,5.68,overcast clouds
490,North Bend,US,2/12/2022 7:57,43.4065,-124.2243,52.92,76,2,5.84,clear sky
491,Tezu,IN,2/12/2022 7:57,27.9167,96.1667,70.2,46,77,4.92,broken clouds
492,Uige,AO,2/12/2022 7:57,-7.6087,15.0613,78.03,56,99,1.61,overcast clouds
493,Portland,US,2/12/2022 7:54,45.5234,-122.6762,50.61,50,3,3,clear sky
494,Khangarh,PK,2/12/2022 7:57,29.9173,71.1618,68.07,12,0,7.65,clear sky
495,Mount Gambier,AU,2/12/2022 7:57,-37.8333,140.7667,80.51,39,0,14.97,clear sky
496,Nuuk,GL,2/12/2022 7:57,64.1835,-51.7216,30.88,92,100,37.07,snow
497,Whitehorse,CA,2/12/2022 7:57,60.7161,-135.0538,29.17,86,100,18.41,overcast clouds
498,Cacule,BR,2/12/2022 7:57,-14.5033,-42.2222,64.15,86,13,3.13,few clouds
499,Dongsheng,CN,2/12/2022 7:57,39.8161,109.9776,26.06,32,100,4.21,overcast clouds
500,Nurota,UZ,2/12/2022 7:57,40.5614,65.6886,42.89,58,11,7.09,few clouds
501,Smithers,CA,2/12/2022 7:57,54.7804,-127.1743,26.92,86,100,5.75,overcast clouds
502,Tyukalinsk,RU,2/12/2022 7:57,55.8732,72.1967,0.28,89,11,14.16,few clouds
503,Moranbah,AU,2/12/2022 7:57,-22.0016,148.0466,91.4,24,26,18.54,scattered clouds
504,Bayanday,RU,2/12/2022 7:57,53.0661,105.5139,-4.83,84,44,3.65,scattered clouds
505,Mikuni,JP,2/12/2022 7:57,36.2171,136.1519,48.11,71,60,1.05,broken clouds
506,Pueblo Nuevo,MX,2/12/2022 7:57,23.3833,-105.3833,38.55,57,0,6.42,clear sky
507,Havre-Saint-Pierre,CA,2/12/2022 7:57,50.2334,-63.5986,27.19,86,100,16.11,overcast clouds
508,Verkhnyaya Inta,RU,2/12/2022 7:57,65.9811,60.3094,9.07,75,100,11.59,overcast clouds
509,Atasu,KZ,2/12/2022 7:57,48.6814,71.6433,19.67,93,100,21.21,light snow
510,New Ulm,US,2/12/2022 7:57,44.3125,-94.4605,-0.71,78,0,13.8,clear sky
511,Santa Maria,BR,2/12/2022 7:57,-29.6842,-53.8069,72.28,63,98,4.05,overcast clouds
512,Davidson,US,2/12/2022 7:57,36.1501,-86.7833,51.4,70,100,5.99,overcast clouds
513,Grajau,BR,2/12/2022 7:57,-5.8194,-46.1386,70.21,98,72,2.66,broken clouds
514,Pichayevo,RU,2/12/2022 7:57,53.2363,42.2032,25.95,89,100,7.31,light snow
515,Qingyuan,CN,2/12/2022 7:57,23.7,113.0333,62.58,59,98,5.37,overcast clouds
516,Zachepylivka,UA,2/12/2022 7:57,49.1939,35.2394,34.52,100,100,9.51,snow
517,Alta Floresta,BR,2/12/2022 7:57,-9.8756,-56.0861,70.23,98,94,1.28,overcast clouds
518,La Paz Centro,NI,2/12/2022 7:57,12.34,-86.6753,76.24,73,0,7.16,clear sky
519,Udachnyy,RU,2/12/2022 7:57,66.4167,112.4,3.45,84,91,3.09,overcast clouds
520,Jalu,LY,2/12/2022 7:57,29.0331,21.5482,55.92,43,0,8.39,clear sky
521,Marsabit,KE,2/12/2022 7:57,2.3284,37.9899,75.27,44,10,14.27,clear sky
522,Zambezi,ZM,2/12/2022 7:57,-13.5432,23.1047,66.43,91,100,2.95,overcast clouds
523,Aksarka,RU,2/12/2022 7:57,66.5606,67.7975,-4.27,90,100,7.81,overcast clouds
524,Rovnoye,RU,2/12/2022 7:57,50.7765,46.0509,27.95,91,68,7.54,broken clouds
525,Cap Malheureux,MU,2/12/2022 7:57,-19.9842,57.6142,84.47,67,100,10,overcast clouds
526,Svetlogorsk,BY,2/12/2022 7:57,52.6333,29.7333,29.73,91,96,9.93,overcast clouds
527,Afua,BR,2/12/2022 7:57,-0.1567,-50.3867,74.41,96,77,3.98,broken clouds
528,Fiumicino,IT,2/12/2022 7:57,41.7675,12.2291,53.08,82,3,8.1,clear sky
529,Sembe,CG,2/12/2022 7:57,1.6481,14.5806,85.71,50,55,3.4,broken clouds
530,Guerrero Negro,MX,2/12/2022 7:57,27.9769,-114.0611,61.7,67,0,6.78,clear sky
531,Stropkov,SK,2/12/2022 7:57,49.2021,21.6522,37.06,74,60,8.99,broken clouds
532,Puerto Princesa,PH,2/12/2022 7:57,9.7392,118.7353,82.09,77,90,9.82,overcast clouds
533,Victoria,HK,2/12/2022 7:57,22.2855,114.1577,72.97,80,28,8.99,scattered clouds
534,Balakhninskiy,RU,2/12/2022 7:57,58.0106,114.2769,-14.37,92,77,1.66,broken clouds
535,Shatalovo,RU,2/12/2022 7:58,54.334,32.4465,25.39,89,100,12.28,overcast clouds
536,Bilibino,RU,2/12/2022 7:58,68.0546,166.4372,-35.46,100,94,1.36,overcast clouds
537,Antofagasta,CL,2/12/2022 7:58,-23.65,-70.4,63.68,81,12,3.42,few clouds
538,Jinchang,CN,2/12/2022 7:58,38.4953,102.1739,33.94,39,30,10.49,scattered clouds
539,Katima Mulilo,NA,2/12/2022 7:58,-17.5,24.2667,76.93,65,84,5.12,broken clouds
540,Brigantine,US,2/12/2022 7:58,39.4101,-74.3646,55.27,77,0,18.92,clear sky
541,Ravar,IR,2/12/2022 7:58,31.2656,56.8055,59.95,26,68,6.4,broken clouds
542,Rongcheng,CN,2/12/2022 7:58,30.634,117.8517,42.03,95,100,2.59,overcast clouds
543,Pangkalanbuun,ID,2/12/2022 7:58,-2.6833,111.6167,78.26,84,100,3.29,overcast clouds
544,Faya,SA,2/12/2022 7:58,18.3851,42.4509,66.31,56,33,5.79,scattered clouds
545,Humaita,BR,2/12/2022 7:58,-7.5061,-63.0208,73.2,98,100,1.86,moderate rain
546,Panzhihua,CN,2/12/2022 7:58,26.5851,101.7128,72.45,17,14,8.72,few clouds
547,Gushikawa,JP,2/12/2022 7:58,26.3544,127.8686,70.83,80,89,13.49,overcast clouds
548,Necochea,AR,2/12/2022 7:58,-38.5473,-58.7368,54.03,61,0,8.52,clear sky
549,Blackwater,AU,2/12/2022 7:58,-23.5833,148.8833,89.38,26,39,14.47,scattered clouds
550,Dakar,SN,2/12/2022 7:56,14.6937,-17.4441,74.28,52,34,13.8,dust
551,Iquique,CL,2/12/2022 7:58,-20.2208,-70.1431,64.44,74,9,0.49,clear sky
552,Bukama,CD,2/12/2022 7:58,-9.2,25.85,77.72,72,87,1.52,overcast clouds
553,Oyama,JP,2/12/2022 7:53,36.3,139.8,48.04,33,99,3,overcast clouds
554,Mehran,IR,2/12/2022 7:58,33.1222,46.1646,60.28,45,1,6.76,clear sky
555,Gerash,IR,2/12/2022 7:58,27.6652,54.1371,62.74,27,2,4.65,clear sky
556,Yeppoon,AU,2/12/2022 7:58,-23.1333,150.7333,82.18,67,1,15.95,clear sky
557,Khani,GE,2/12/2022 7:58,41.9563,42.9566,40.57,91,17,3.67,few clouds
558,Wapi Pathum,TH,2/12/2022 7:58,15.8452,103.3768,91.06,32,49,5.57,scattered clouds
559,Solwezi,ZM,2/12/2022 7:58,-12.1688,26.3894,66.16,87,99,3.51,overcast clouds
560,Lasa,IT,2/12/2022 7:58,46.6166,10.7002,30.02,44,0,0.22,clear sky
561,Griffith,US,2/12/2022 7:55,41.5284,-87.4237,28.56,77,100,18.41,overcast clouds
562,Kochinda,IN,2/12/2022 7:58,21.7333,84.35,78.76,15,43,8.63,scattered clouds
563,Fort Myers Beach,US,2/12/2022 7:58,26.452,-81.9481,64,93,0,5.66,clear sky
564,Komsomolskiy,UZ,2/12/2022 7:58,40.4272,71.7189,42.22,81,100,2.3,mist
565,San Luis,AR,2/12/2022 7:54,-33.295,-66.3356,52.56,80,92,16.42,overcast clouds
566,Inverell,AU,2/12/2022 7:58,-29.7833,151.1167,78.12,44,27,1.01,scattered clouds
567,Makakilo City,US,2/12/2022 7:53,21.3469,-158.0858,72.68,74,16,6.24,few clouds
568,Buchanan,LR,2/12/2022 7:58,5.8808,-10.0467,76.96,88,14,6.51,light rain
569,Cangzhou,CN,2/12/2022 7:58,38.3167,116.8667,43.05,53,91,13.11,overcast clouds
570,Saint Anthony,US,2/12/2022 7:58,45.0205,-93.218,3.04,71,0,10.36,clear sky
571,Tyret Pervaya,RU,2/12/2022 7:58,53.6703,102.3106,-5.69,89,66,3.53,broken clouds
572,La Ronge,CA,2/12/2022 7:58,55.1001,-105.2842,-9.18,77,100,2.3,overcast clouds
573,Saint-Pierre,RE,2/12/2022 7:58,-21.3393,55.4781,85.68,66,0,5.75,clear sky
574,Salamanca,ES,2/12/2022 7:58,40.8333,-6,43.75,70,100,3.83,overcast clouds
575,Cortland,US,2/12/2022 7:58,42.6001,-76.083,46.89,70,100,5.75,overcast clouds
576,Ewa Beach,US,2/12/2022 7:58,21.3156,-158.0072,74.08,74,28,6.08,scattered clouds
577,Maceio,BR,2/12/2022 7:58,-9.6658,-35.7353,76.44,88,40,3.44,scattered clouds
578,Osoyoos,CA,2/12/2022 7:58,49.0331,-119.4524,33.94,80,9,0,clear sky
579,Nabire,ID,2/12/2022 7:58,-3.3667,135.4833,81.05,82,65,3.89,broken clouds
580,Bardiyah,LY,2/12/2022 7:58,31.7561,25.0865,54.91,64,0,7.83,clear sky
581,Gat,IL,2/12/2022 7:58,31.61,34.7642,62.78,38,0,1.59,clear sky
582,Baffa,PK,2/12/2022 7:58,34.4378,73.2194,62.55,21,0,3.13,clear sky
583,Canton,CN,2/12/2022 7:55,23.1167,113.25,62.55,46,77,4.34,broken clouds
584,Lazaro Cardenas,MX,2/12/2022 7:58,17.9583,-102.2,72.54,64,100,4.52,overcast clouds
585,Zdanice,CZ,2/12/2022 7:58,49.0673,17.0275,39.27,87,11,4.7,few clouds
586,Preobrazheniye,RU,2/12/2022 7:58,42.9019,133.9064,25.07,45,6,11.95,clear sky
587,Quatre Cocos,MU,2/12/2022 7:58,-20.2078,57.7625,84.09,72,100,9.53,overcast clouds
588,San Rafael,AR,2/12/2022 7:55,-34.6177,-68.3301,58.57,76,97,8.37,overcast clouds
589,Matagami,CA,2/12/2022 7:58,49.7502,-77.6328,-12.89,70,100,18.41,overcast clouds
590,Namalenga,TZ,2/12/2022 7:58,-10.95,39.1,76.53,85,100,4.07,light rain
591,Joshimath,IN,2/12/2022 7:58,30.5667,79.5667,57.54,30,0,6.46,clear sky
592,Sakakah,SA,2/12/2022 7:58,29.9697,40.2064,51.37,44,0,9.35,clear sky
593,Rio Grande,BR,2/12/2022 7:58,-32.035,-52.0986,72.95,86,49,13.87,scattered clouds
594,Gazojak,TM,2/12/2022 7:58,41.1875,61.4036,40.68,47,7,3.31,clear sky
595,Qandala,SO,2/12/2022 7:58,11.472,49.8728,78.98,45,19,7.72,few clouds
596,Zaysan,KZ,2/12/2022 7:58,47.4667,84.8667,14.61,85,76,2.1,broken clouds
597,Mitsukaido,JP,2/12/2022 7:58,36.0167,139.9833,50.07,37,84,2.86,broken clouds
598,Slidell,US,2/12/2022 7:58,30.2752,-89.7812,54,90,100,2.62,overcast clouds
599,Gemena,CD,2/12/2022 7:58,3.25,19.7667,89.62,18,8,3.22,clear sky
600,Fort Nelson,CA,2/12/2022 7:58,58.8053,-122.7002,9.99,85,100,4.61,light snow
601,Ercis,TR,2/12/2022 7:58,39.0287,43.3586,24.75,73,4,1.72,clear sky
602,Alofi,NU,2/12/2022 7:58,-19.0595,-169.9187,78.69,83,32,9.22,scattered clouds
603,Almaznyy,RU,2/12/2022 7:58,48.0448,40.045,37.54,99,100,5.32,overcast clouds
604,Grindavik,IS,2/12/2022 7:58,63.8424,-22.4338,27.07,74,0,17.27,clear sky
605,Colares,PT,2/12/2022 7:58,38.7992,-9.4469,53.89,81,20,15.01,fog
606,Mogadishu,SO,2/12/2022 7:57,2.0371,45.3438,84.07,65,0,17.27,clear sky
607,Mizque,BO,2/12/2022 7:58,-17.941,-65.3402,59.43,91,100,1.03,overcast clouds
608,Caconda,AO,2/12/2022 7:58,-13.7333,15.0667,69.48,60,90,2.86,overcast clouds
609,Tahoua,NE,2/12/2022 7:58,14.8888,5.2692,64.38,16,0,10.36,dust
610,Stornoway,GB,2/12/2022 7:58,58.2093,-6.3865,46.36,92,75,23.02,broken clouds
611,Medeiros Neto,BR,2/12/2022 7:58,-17.3739,-40.2206,69.3,96,100,1.83,overcast clouds
612,Urumqi,CN,2/12/2022 7:58,43.801,87.6005,13.15,86,75,2.24,mist
613,Yinchuan,CN,2/12/2022 7:58,38.4681,106.2731,34.54,56,61,2.95,broken clouds
614,Orangeburg,US,2/12/2022 7:58,33.4918,-80.8557,42.67,71,66,7,broken clouds
615,Muyezerskiy,RU,2/12/2022 7:58,63.9333,31.65,12.07,94,61,8.52,broken clouds
616,Akdepe,TM,2/12/2022 7:58,42.0551,59.3788,37.49,56,100,9.42,overcast clouds
617,Radcliff,US,2/12/2022 7:58,37.8404,-85.9491,42.42,78,100,9.22,overcast clouds
618,El Alto,PE,2/12/2022 7:58,-4.2714,-81.2147,69.89,79,100,11.03,overcast clouds
619,Liverpool,GB,2/12/2022 7:54,53.4106,-2.9779,46.67,76,40,13.8,scattered clouds
620,Yabelo,ET,2/12/2022 7:58,4.8833,38.0833,74.52,18,15,15.59,few clouds
621,Bud,US,2/12/2022 7:58,39.447,-86.1758,32.13,83,24,11.48,few clouds
622,Yerbogachen,RU,2/12/2022 7:58,61.2767,108.0108,0.18,93,100,0.51,overcast clouds
623,Tianpeng,CN,2/12/2022 7:58,30.9866,103.9393,50.47,63,100,2.1,overcast clouds
624,Malibu,US,2/12/2022 7:55,34.005,-118.8101,73.87,41,0,3.51,clear sky
625,Zhezkazgan,KZ,2/12/2022 7:58,47.8043,67.7144,24.78,86,100,20.13,overcast clouds
626,Chernyshevskiy,RU,2/12/2022 7:58,63.0128,112.4714,-1.03,95,100,0.65,overcast clouds
627,Marzuq,YE,2/12/2022 7:58,14.4,46.4667,78.75,17,60,5.91,broken clouds
628,Rassvet,RU,2/12/2022 7:58,46.8333,40.75,43.03,97,100,26.84,overcast clouds
629,Marathon,US,2/12/2022 7:58,44.9,-89.7668,6.13,72,40,14.97,scattered clouds
630,Baley,RU,2/12/2022 7:58,51.6,116.6333,-3.1,85,98,3.53,overcast clouds
631,Santa Cruz,BO,2/12/2022 7:58,-17.8,-63.1667,74.66,94,75,3.44,broken clouds
632,Ulaanbaatar,MN,2/12/2022 7:57,47.9077,106.8832,1.53,55,0,4.47,clear sky
633,Phuntsholing,BT,2/12/2022 7:58,26.8516,89.3884,67.8,57,47,4.9,scattered clouds
634,Paoua,CF,2/12/2022 7:58,7.2427,16.4406,81.27,12,2,7.54,clear sky
635,Tual,ID,2/12/2022 7:58,-5.6667,132.75,83.57,67,50,3.06,scattered clouds
636,Howard Springs,AU,2/12/2022 7:58,-12.497,131.047,91.31,73,78,5.84,broken clouds
637,Sant Julia De Loria,AD,2/12/2022 7:58,42.4625,1.4825,37.8,89,75,0.2,broken clouds
638,Albesti,RO,2/12/2022 7:58,47.7,27.0667,43.21,58,90,17.18,overcast clouds
639,Bloomfield,US,2/12/2022 7:58,40.8068,-74.1854,54.01,50,65,1.99,broken clouds
640,Natal,BR,2/12/2022 7:56,-5.795,-35.2094,77.65,83,75,10.36,broken clouds
641,Karpathos,GR,2/12/2022 7:58,35.507,27.2132,57.16,67,75,2.3,broken clouds
642,Guane,CU,2/12/2022 7:58,22.2025,-84.0875,67.86,95,16,5.37,few clouds
643,Lima,PE,2/12/2022 7:57,-12.0432,-77.0282,69.91,80,0,8.05,clear sky
644,Sines,PT,2/12/2022 7:58,37.9562,-8.8698,56.28,92,82,3.6,broken clouds
645,Pacific Grove,US,2/12/2022 7:58,36.6177,-121.9166,61.16,73,17,3,few clouds
646,Swidnik,PL,2/12/2022 7:58,51.219,22.6962,31.89,85,40,9.22,scattered clouds
647,Saquarema,BR,2/12/2022 7:58,-22.92,-42.5103,71.78,87,99,1.3,overcast clouds
648,La Peca,PE,2/12/2022 7:58,-5.6111,-78.435,65.62,91,100,2.15,light rain
649,Namanyere,TZ,2/12/2022 7:58,-7.5167,31.05,61.32,97,100,3,light rain
650,Vyazemskiy,RU,2/12/2022 7:58,47.5378,134.7525,12.6,94,100,5.32,overcast clouds
651,Pochutla,MX,2/12/2022 7:58,15.7432,-96.4661,69.91,66,45,3.22,scattered clouds
652,Kaoma,ZM,2/12/2022 7:57,-14.7833,24.8,73.17,75,93,4.54,overcast clouds
653,Charleston,US,2/12/2022 7:58,32.7766,-79.9309,41.02,96,100,0,overcast clouds
654,Alamosa,US,2/12/2022 7:58,37.4695,-105.87,26.11,74,100,6.91,overcast clouds
655,Charleville-Mezieres,FR,2/12/2022 7:58,49.7667,4.7167,32.77,82,100,3.31,overcast clouds
656,Kieta,PG,2/12/2022 7:58,-6.2167,155.6333,78.78,85,100,4.32,moderate rain
657,Kalmunai,LK,2/12/2022 7:58,7.4167,81.8167,78.57,86,100,5.77,overcast clouds
658,Ust-Ordynskiy,RU,2/12/2022 7:58,52.805,104.7508,-4.16,86,24,2.33,few clouds
659,General Delgado,PY,2/12/2022 7:58,-27.1667,-56.5167,80.62,51,66,4.43,broken clouds
660,Sao Jose Da Coroa Grande,BR,2/12/2022 7:58,-8.8978,-35.1478,76.8,86,85,8.19,light rain
661,Skoghall,SE,2/12/2022 7:58,59.3232,13.4655,37.96,75,100,12.66,overcast clouds
662,Kysyl-Syr,RU,2/12/2022 7:58,63.8986,122.7617,-15.95,100,99,1.43,overcast clouds
663,Karratha,AU,2/12/2022 7:58,-20.7377,116.8463,93.63,49,0,14.94,clear sky
664,Rudbar,AF,2/12/2022 7:58,30.15,62.6,66.99,15,0,6.93,clear sky
665,Muros,ES,2/12/2022 7:58,42.7762,-9.0603,48.24,86,100,2.84,overcast clouds
666,Flin Flon,CA,2/12/2022 7:58,54.7682,-101.865,-12.73,98,95,5.06,overcast clouds
667,Maraa,BR,2/12/2022 7:58,-1.8333,-65.3667,71.91,98,100,1.77,overcast clouds
668,Uzventis,LT,2/12/2022 7:58,55.7803,22.6547,28.47,66,5,16.06,clear sky
